Id,ARSON,ASSAULT,BRIBERY,BURGLARY,DISORDERLY CONDUCT,DRIVING UNDER THE INFLUENCE,DRUG/NARCOTIC,FAMILY OFFENSES,FORGERY/COUNTERFEITING,FRAUD,GAMBLING,KIDNAPPING,LARCENY/THEFT,LIQUOR LAWS,LOITERING,MISSING PERSON,NON-CRIMINAL,OTHER OFFENSES,PORNOGRAPHY/OBSCENE MAT,PROSTITUTION,RECOVERED VEHICLE,ROBBERY,RUNAWAY,STOLEN PROPERTY,SUICIDE,TRESPASS,VANDALISM,WARRANTS,WEAPON LAWS
0,0.000441227,0.133104546,5.70E-06,0.028034585,0.000911847,0.009894557,0.018878097,0.000247032,0.000436081,0.015951234,2.63E-08,0.000274518,0.154991766,0.00099437,3.46E-05,0.047651783,0.075695113,0.072253973,8.00E-12,2.75E-05,4.90E-06,0.015423682,4.10E-05,0.006582862,9.39E-05,0.013605963,0.072781305,0.025592092,0.033308798
1,0.000769467,0.037913546,0.000126127,0.00141237,0.000424168,0.015450029,0.041974503,2.15E-05,0.000355336,0.015275072,1.81E-06,0.000570073,0.015087016,0.014664812,1.55E-05,0.004773577,0.031357156,0.609408747,2.95E-11,1.57E-05,1.87E-06,0.023886144,7.02E-06,0.0047893,0.000626872,0.000632713,0.012966393,0.07436046,0.025622706
2,0.00276036,0.199086637,9.76E-06,0.048121179,0.001899252,0.000318873,0.017221867,9.57E-06,0.001977756,0.00798078,4.98E-09,0.055040023,0.264430457,0.000985006,3.38E-05,0.005494482,0.092182199,0.057671091,4.37E-10,0.002801847,1.58E-06,0.017803652,4.49E-05,0.002686969,8.07E-05,0.035441767,0.074013126,0.015128437,0.005744577
3,0.000639352,0.097921903,3.12E-05,0.030374059,0.001017067,0.000643259,0.009546637,0.000466094,0.000952399,0.006672015,2.26E-07,0.003058919,0.118630468,0.003356482,5.12E-05,0.037110653,0.112955437,0.068552025,5.61E-11,0.000773918,3.88E-06,0.051555675,0.000750854,0.006365839,0.000199884,0.012939328,0.062871404,0.013455871,0.033304401
4,0.000639352,0.097921903,3.12E-05,0.030374059,0.001017067,0.000643259,0.009546637,0.000466094,0.000952399,0.006672015,2.26E-07,0.003058919,0.118630468,0.003356482,5.12E-05,0.037110653,0.112955437,0.068552025,5.61E-11,0.000773918,3.88E-06,0.051555675,0.000750854,0.006365839,0.000199884,0.012939328,0.062871404,0.013455871,0.033304401
5,0.002408548,0.098470193,2.68E-06,0.000599455,0.001233534,0.001588975,0.015587124,7.39E-06,0.000297367,0.012952266,4.10E-09,0.000966422,0.059542921,0.018337154,4.79E-05,0.001711535,0.049762291,0.339743107,6.35E-11,9.62E-05,5.79E-06,0.215612642,5.51E-05,0.00144262,7.71E-06,0.001557885,0.065067535,0.020064193,0.011092308
6,0.00157726,0.042670466,5.85E-05,0.060304929,0.000916131,0.000756542,0.004133231,0.000168076,0.000556414,0.002835322,8.56E-08,0.002029786,0.304910761,0.000610061,1.87E-05,0.019880161,0.064214373,0.047617126,3.84E-12,0.000231657,2.09E-06,0.024565445,0.00010983,0.002228275,1.81E-05,0.007635244,0.042994607,0.005093681,0.016647838
7,0.002439658,0.047893855,7.32E-05,0.035936309,0.000520566,0.000744732,0.004421815,0.000209705,0.000479635,0.007780119,7.04E-08,0.003295789,0.36390544,0.00048586,5.21E-06,0.017049308,0.056731562,0.040020958,3.98E-12,8.57E-05,2.46E-06,0.021694554,0.000144462,0.002332366,9.10E-06,0.003648758,0.040622546,0.008551728,0.029153551
8,0.004071607,0.184777842,0.000111866,0.031420191,0.002616261,0.003702523,0.039912279,0.00035737,0.003685704,0.004413044,7.29E-09,0.004891484,0.104188846,0.00346441,2.64E-05,0.006478006,0.125568658,0.124371393,6.09E-12,0.000448487,6.95E-06,0.081381348,0.000100894,0.017941809,3.63E-05,0.024442054,0.06660493,0.042792899,0.016007829
9,0.000252923,0.078408933,7.21E-06,0.001890515,0.00110653,0.001928868,0.006106792,4.59E-06,0.000623115,0.011411988,9.48E-09,0.000655893,0.181664428,0.000837938,1.86E-05,0.003485212,0.060036116,0.46893757,5.98E-11,4.52E-05,3.34E-06,0.027718471,4.29E-05,0.004471313,7.46E-05,0.000569317,0.039184249,0.011311295,0.005805819
10,0.000921153,0.034931233,0.000135907,0.062303908,0.000283834,0.000429312,0.001310017,4.68E-05,0.000759695,0.004881448,2.30E-08,0.003861072,0.505228671,0.00016582,3.72E-06,0.016336646,0.037697229,0.028042109,4.14E-12,6.80E-05,2.19E-06,0.007174151,9.81E-05,0.002740873,5.18E-06,0.002128941,0.029527233,0.004121453,0.001762208
11,0.000484312,0.041949819,0.000118707,0.136392426,0.000780902,9.80E-05,0.002448031,0.000184327,0.002389073,0.010149215,6.40E-09,0.002871223,0.343306774,0.000319419,8.43E-06,0.022899929,0.061002926,0.044614919,6.28E-12,0.00216546,3.67E-06,0.010829401,0.000111037,0.004629715,7.03E-06,0.012896876,0.103284652,0.005034665,0.003082072
12,0.000484312,0.041949819,0.000118707,0.136392426,0.000780902,9.80E-05,0.002448031,0.000184327,0.002389073,0.010149215,6.40E-09,0.002871223,0.343306774,0.000319419,8.43E-06,0.022899929,0.061002926,0.044614919,6.28E-12,0.00216546,3.67E-06,0.010829401,0.000111037,0.004629715,7.03E-06,0.012896876,0.103284652,0.005034665,0.003082072
13,0.00079748,0.014208052,9.01E-06,0.068265242,0.000723714,0.000186633,0.003255537,2.54E-05,0.001744045,0.071686873,1.62E-08,0.001310604,0.48597366,5.29E-05,4.38E-06,0.007375096,0.058761023,0.027302449,2.01E-11,3.67E-05,1.26E-06,0.002715503,4.13E-05,0.003178476,1.34E-05,0.009810816,0.071384073,0.003601837,0.001049925
14,8.04E-05,0.030944353,4.97E-06,0.007294073,0.00045392,2.00E-05,0.001608402,1.19E-06,0.000664961,0.006543024,1.39E-09,9.54E-05,0.735360031,5.15E-05,1.81E-05,0.0093193,0.075344078,0.028056617,3.13E-11,1.82E-05,5.52E-06,0.004365963,2.61E-05,0.001690158,1.98E-06,0.000406784,0.043757176,0.003712097,0.000810056
15,0.000513825,0.132009935,7.21E-05,0.002312396,0.001029773,0.001194701,0.124250973,2.10E-05,0.002966439,0.010904978,1.39E-08,0.004335567,0.117319429,0.003822793,3.03E-05,0.003682443,0.055227646,0.270019061,1.68E-11,0.000118632,6.10E-06,0.067679756,3.91E-05,0.004039943,9.40E-06,0.001106269,0.03065814,0.062478201,0.015029136
16,0.003551851,0.081212775,0.00012455,0.014977808,0.001303639,0.003162014,0.02866805,4.45E-05,0.002378666,0.005224675,2.87E-09,0.015109419,0.188915289,0.018334788,6.39E-05,0.017796393,0.107204672,0.265873097,8.28E-11,0.000396132,7.15E-06,0.034842781,8.61E-05,0.003559347,3.94E-05,0.009383861,0.043457414,0.037986276,0.034000704
17,0.001435854,0.068847889,3.36E-05,0.027280324,0.000409888,0.000860016,0.00311048,0.000119588,0.000725418,0.016806209,1.54E-08,0.005716564,0.209244483,8.69E-05,1.01E-06,0.033984466,0.076585822,0.075928748,7.21E-11,0.000327833,4.00E-06,0.025257997,0.001279801,0.006825304,5.09E-05,0.004713203,0.130569839,0.003389655,0.012816487
18,0.001467286,0.015156804,8.07E-05,0.088772452,0.000831281,4.31E-05,0.002163158,6.81E-06,0.000598584,0.005293393,3.63E-08,0.006335832,0.591497484,0.000218136,4.07E-06,0.007886425,0.067051837,0.022878599,1.81E-11,0.000183313,1.93E-06,0.003726389,5.06E-05,0.0032431,7.74E-06,0.002722928,0.07371212,0.002719785,0.000613619
19,0.000371816,0.020412402,5.65E-06,0.002244417,0.000331634,5.21E-05,0.011639942,1.11E-06,0.000825988,0.005706707,1.43E-09,0.000609341,0.606976853,0.000197912,7.22E-06,0.002167367,0.09569702,0.035432926,1.96E-10,0.000172951,2.62E-06,0.004776397,2.71E-05,0.002077384,2.61E-06,0.000289965,0.052462166,0.002632196,0.000591029
20,0.000371816,0.020412402,5.65E-06,0.002244417,0.000331634,5.21E-05,0.011639942,1.11E-06,0.000825988,0.005706707,1.43E-09,0.000609341,0.606976853,0.000197912,7.22E-06,0.002167367,0.09569702,0.035432926,1.96E-10,0.000172951,2.62E-06,0.004776397,2.71E-05,0.002077384,2.61E-06,0.000289965,0.052462166,0.002632196,0.000591029
21,0.000465493,0.023228389,7.26E-06,0.002093197,0.000934036,0.000214383,0.004782386,7.59E-05,0.001251022,0.009307353,2.76E-09,0.005426211,0.494416141,0.000508194,9.15E-06,0.003370283,0.059138589,0.063717175,8.46E-12,5.10E-05,4.21E-06,0.033974488,3.09E-05,0.0034759,8.90E-06,0.000305147,0.070608276,0.007131692,0.001635228
22,0.000263027,0.129388965,1.86E-05,0.022758642,0.004063995,0.002817025,0.016886614,0.000185954,0.000594662,0.029484526,1.00E-07,0.000967684,0.192627109,0.003496367,3.80E-05,0.024052721,0.236962611,0.111388123,8.61E-11,4.19E-05,2.25E-06,0.020659689,0.000450811,0.00928931,2.60E-05,0.005894759,0.037960926,0.040767822,0.027782497
23,0.001523127,0.075912297,6.63E-05,0.010076768,0.000543389,0.002969775,0.043567912,6.38E-05,0.004886931,0.001962537,5.47E-08,0.015545372,0.037618901,0.002977832,3.66E-05,0.033125428,0.151224507,0.116547225,6.11E-11,5.38E-05,4.16E-06,0.038365101,0.000348516,0.00951483,0.00019494,0.000484766,0.101231034,0.074943695,0.145284106
24,0.003700026,0.118533325,1.98E-05,0.020923809,0.001526172,0.002420128,0.029974401,0.000158148,0.000589726,0.00647252,9.04E-09,0.00342379,0.218591993,0.002497149,1.37E-05,0.017426316,0.123741151,0.131283578,1.75E-11,0.000196065,5.25E-06,0.068606313,6.38E-05,0.005448252,6.15E-05,0.019084599,0.078348072,0.047191468,0.036924544
25,0.003099004,0.06010482,2.81E-05,0.062394943,0.000373499,0.000300289,0.003160945,2.55E-05,0.000811581,0.005616879,4.98E-09,0.001569918,0.281031386,0.000630535,4.58E-06,0.032507807,0.093679166,0.044148222,8.09E-11,0.00029428,1.46E-06,0.014951024,0.000143398,0.001335298,7.08E-05,0.002464446,0.071967947,0.007485123,0.004920167
26,0.002379706,0.091852103,1.70E-05,0.049730581,0.000656029,0.000197407,0.004038222,5.26E-05,0.000365269,0.00425983,1.15E-08,0.006748503,0.454987975,0.000275069,5.43E-06,0.021031568,0.077526129,0.030324783,1.63E-11,7.99E-05,4.22E-06,0.020736693,0.000424105,0.002012506,2.68E-05,0.009631544,0.040352207,0.005247694,0.011958008
27,0.002202869,0.074170584,5.76E-05,0.00679098,0.001972786,0.007631875,0.026470773,0.000212318,0.000873477,0.013892663,9.86E-08,0.004049934,0.286318254,0.003621386,1.60E-05,0.014920058,0.129849671,0.187606318,2.19E-12,0.000138035,2.76E-06,0.021941524,0.000170192,0.005997894,0.000104481,0.008196184,0.049523798,0.048099549,0.010152737
28,0.000797609,0.021403972,7.24E-06,0.042647327,0.000549631,0.000182545,0.001694823,2.29E-05,0.001086205,0.003597024,3.73E-08,0.000814285,0.518682921,0.000384393,8.88E-06,0.016602073,0.057077938,0.03470412,4.68E-11,0.000122349,2.54E-06,0.006291304,0.000151862,0.001006275,5.51E-05,0.001532371,0.084773804,0.002744577,0.000659974
29,0.001315885,0.016030638,4.03E-06,0.070298503,0.000373147,0.000172011,0.001536318,1.58E-05,0.00084364,0.003134406,9.03E-10,0.0004651,0.572927199,0.000157071,5.72E-07,0.009422305,0.044318421,0.033680192,6.64E-11,7.90E-05,2.08E-06,0.002100059,2.50E-05,0.00072795,0.000174618,0.002212997,0.041044584,0.002217533,0.000431593
30,0.000954433,0.016508816,1.72E-06,0.065716793,8.30E-05,0.000275992,0.00409996,5.06E-06,0.000726897,0.003813842,4.79E-09,0.001916754,0.500197006,8.67E-05,3.04E-06,0.015527705,0.060026129,0.043498944,1.78E-10,0.000125318,2.75E-06,0.002607211,0.000135071,0.002657087,0.00028907,0.003200022,0.054429279,0.003728926,0.000316206
31,0.001495649,0.03174584,0.000120371,0.073276025,0.000398958,0.000189202,0.001676236,4.04E-05,0.001317269,0.003591247,7.88E-08,0.001591993,0.361736815,0.000167909,8.73E-07,0.014314351,0.047715809,0.036057832,5.03E-11,0.000133075,2.36E-06,0.006290254,8.75E-05,0.001512645,0.000149282,0.001054013,0.033244057,0.003047469,0.000599335
32,0.001437711,0.042168384,1.80E-06,0.088085034,7.15E-05,0.000108344,0.005519967,4.10E-06,0.001051935,0.005781519,2.50E-09,0.002581902,0.44815355,0.00011663,5.63E-06,0.018325802,0.084152293,0.056856996,2.27E-10,0.000107951,3.51E-06,0.005291683,0.000153234,0.002213846,0.000135476,0.00177091,0.063736661,0.005611366,0.000278864
33,0.000200353,0.006580925,9.84E-06,0.000580801,0.000175879,2.71E-05,0.001258634,3.70E-07,0.000199466,0.005500752,2.97E-10,0.000397154,0.817429032,6.15E-05,2.15E-06,0.001665844,0.055110752,0.020228258,2.19E-10,2.19E-05,5.24E-06,0.001729476,5.10E-05,0.00146289,5.60E-06,0.000178934,0.028866408,0.001972667,0.000243521
34,0.00053506,0.02223551,1.98E-05,0.002002355,0.000323948,9.76E-05,0.002764797,1.59E-05,0.001006292,0.009514274,8.45E-08,0.000816362,0.621263782,0.000183644,6.51E-06,0.003378178,0.039119605,0.046733374,5.40E-12,9.92E-05,2.48E-06,0.014358337,2.16E-05,0.001420644,9.52E-06,0.000304409,0.049377347,0.006021942,0.002033137
35,0.001041116,0.013504531,2.47E-06,0.001166087,0.000161356,0.000647447,0.002552014,1.73E-06,0.000457297,0.002863947,4.04E-09,0.000336936,0.647182622,0.000193117,1.51E-06,0.002360612,0.045236889,0.033040182,4.47E-11,0.000112506,1.47E-06,0.004328209,2.34E-05,0.000629335,9.90E-06,0.000222878,0.031076621,0.002081806,0.000146603
36,0.00156083,0.067374247,3.64E-05,0.003191581,0.001391002,0.002924745,0.051447518,0.000165482,0.000536027,0.011875427,2.29E-08,0.002041562,0.150015345,0.001636612,7.40E-05,0.006409669,0.094470113,0.314076358,9.84E-12,2.37E-05,1.20E-05,0.053105655,4.19E-05,0.009641723,1.63E-05,0.001701086,0.020922703,0.089922514,0.03618334
37,0.004652291,0.062156356,4.10E-05,0.044243141,0.001209213,0.00038184,0.011806328,2.15E-05,0.000604889,0.005605542,9.43E-08,0.000982458,0.417231509,0.000739931,4.19E-06,0.038248547,0.082963644,0.049463085,2.03E-11,6.62E-05,1.87E-06,0.010765398,0.000163127,0.001981849,4.33E-05,0.005935213,0.034344696,0.00393914,0.005904662
38,0.001827665,0.042313197,1.18E-05,0.052761584,0.000862427,0.000479337,0.004040921,2.54E-05,0.001136568,0.007616296,1.75E-08,0.001358988,0.384154655,0.000423851,3.18E-06,0.023754565,0.079363345,0.055251225,2.14E-11,0.0001192,2.48E-06,0.006238438,7.23E-05,0.001975497,7.72E-05,0.003384044,0.03718353,0.00461577,0.026020388
39,0.002022548,0.049249173,6.41E-06,0.089833606,0.000352938,0.000252377,0.00503281,3.52E-05,0.00130611,0.012513386,8.67E-09,0.002497505,0.276556819,0.00113368,1.72E-06,0.055047137,0.137519319,0.057882952,1.77E-10,0.000340094,3.31E-06,0.00801513,0.000348399,0.002328919,3.28E-05,0.00234376,0.040042217,0.006805258,0.002965281
40,0.004213257,0.056797467,3.44E-06,0.070163779,0.000398508,0.000280479,0.003644307,1.42E-05,0.000554393,0.006542944,9.32E-08,0.001788759,0.350248428,0.000684057,1.31E-06,0.032488013,0.097616381,0.043235544,4.83E-11,0.000274883,1.65E-06,0.007109769,0.000156406,0.001451263,2.85E-05,0.001486397,0.067150238,0.007241469,0.004057118
41,0.002022548,0.049249173,6.41E-06,0.089833606,0.000352938,0.000252377,0.00503281,3.52E-05,0.00130611,0.012513386,8.67E-09,0.002497505,0.276556819,0.00113368,1.72E-06,0.055047137,0.137519319,0.057882952,1.77E-10,0.000340094,3.31E-06,0.00801513,0.000348399,0.002328919,3.28E-05,0.00234376,0.040042217,0.006805258,0.002965281
42,0.003910164,0.16234086,0.000152124,0.007756653,0.013804241,0.002629453,0.029229885,0.002777068,0.002110802,0.007911097,2.67E-08,0.000651094,0.058986032,0.002530746,5.09E-05,0.017413496,0.168750903,0.099751696,2.10E-12,9.61E-05,6.08E-06,0.006698745,0.000334843,0.006007183,0.000538859,0.072531523,0.052503499,0.071469141,0.011319518
43,0.000643238,0.075933191,1.98E-05,0.025181108,0.000752397,0.000344163,0.002837918,6.11E-05,0.000443018,0.0219507,3.88E-08,0.00650381,0.255521256,7.75E-05,4.04E-07,0.04577039,0.063881932,0.037639817,1.23E-11,0.000286274,1.80E-05,0.009407995,0.000152064,0.002939092,6.80E-05,0.00114813,0.151678818,0.006819627,0.011972738
44,0.000896234,0.03082526,0.000132078,0.027634564,0.000768837,0.0002048,0.002262259,5.95E-05,0.001812264,0.003093034,4.94E-07,0.0048914,0.15928812,0.000310694,7.28E-06,0.031499664,0.05273584,0.046118311,9.84E-12,0.000431171,3.30E-06,0.012453194,0.000138841,0.00228305,0.000103876,0.001941117,0.056358056,0.003915918,0.002973404
45,0.005734158,0.06754732,9.78E-06,0.137518931,0.001091138,4.26E-05,0.008603973,3.15E-06,0.002568458,0.010694744,1.54E-08,0.003042158,0.361909366,0.000231839,8.89E-06,0.011167796,0.103607903,0.041461374,5.71E-11,0.00069596,3.66E-06,0.003771369,0.000132651,0.004571004,6.73E-05,0.00603032,0.051257719,0.007325016,0.000977808
46,0.000342755,0.009530556,1.16E-05,0.001808882,0.000236831,9.28E-05,0.003752783,8.99E-06,0.000234595,0.002459639,3.72E-08,0.008433423,0.658314734,0.000173753,8.43E-06,0.0037821,0.041304677,0.038360423,3.82E-11,2.41E-05,1.90E-06,0.008280243,6.75E-05,0.001768933,7.98E-06,0.000279663,0.028204498,0.002702187,0.000665892
47,0.000424074,0.032020605,2.30E-05,0.001565154,0.000537299,0.00096716,0.028345059,2.68E-05,0.000744362,0.01615571,1.46E-08,0.00778174,0.512190422,0.000515875,1.34E-05,0.006114845,0.082678873,0.07284783,1.08E-11,5.31E-05,6.55E-06,0.077528895,3.36E-05,0.005768397,6.64E-06,0.000311046,0.053123228,0.008853346,0.001133584
48,0.000554817,0.026264196,2.61E-05,0.002135587,0.000379077,0.000109718,0.008671116,3.07E-05,0.001089235,0.008340167,3.26E-08,0.000490808,0.68730173,0.000954867,1.78E-05,0.002734181,0.069052573,0.041481408,7.73E-12,3.25E-05,3.58E-06,0.019907506,3.97E-05,0.002815501,4.67E-06,0.00032666,0.040801117,0.003934214,0.000785037
49,0.000424647,0.01283177,0.000170178,0.000992405,0.000226031,0.000289475,0.001921461,1.21E-05,0.000966863,0.002999816,3.38E-07,0.000976809,0.172356731,0.000289304,2.48E-06,0.005447476,0.050589089,0.071143103,3.08E-11,0.00014682,2.08E-06,0.048257329,4.11E-05,0.001714273,4.05E-05,0.000259995,0.045548983,0.003009168,0.000932217
50,0.001188656,0.085654897,4.31E-06,0.004633612,0.001255417,0.010858874,0.042506775,6.41E-06,0.0028937,0.003079584,3.09E-08,0.000170592,0.104280768,0.00690421,7.06E-05,0.014397076,0.095795051,0.360956505,1.24E-11,1.15E-05,2.33E-05,0.01368018,2.43E-05,0.005811148,1.13E-05,0.001127922,0.019515464,0.132315413,0.006062645
51,0.001417418,0.160596757,2.91E-06,0.061959531,0.000163584,0.002030591,0.05981929,1.46E-05,0.001232554,0.011966102,9.10E-08,0.001491151,0.137880026,0.001073222,4.34E-06,0.057027272,0.233681386,0.115024519,6.32E-11,0.000570862,6.49E-06,0.011664593,0.000230637,0.003247083,0.000356096,0.003520967,0.023013668,0.037064304,0.001705473
52,0.002138515,0.161623458,0.000327485,0.023593367,0.001432781,0.003934053,0.026963374,0.000555918,0.011841889,0.005283422,4.23E-06,0.004318645,0.10290188,0.002641156,4.85E-05,0.015874962,0.116043193,0.120425073,1.24E-11,0.000258535,9.18E-06,0.027042168,0.000159331,0.005382862,5.97E-05,0.003403442,0.031757536,0.098928338,0.135759962
53,0.000968425,0.046698806,6.70E-05,0.008868178,0.001493635,0.018059787,0.059196877,2.36E-05,0.001434887,0.003742996,1.02E-07,0.001268728,0.246027955,0.001574471,0.000176451,0.011232468,0.114954091,0.185191753,1.96E-11,0.00016547,8.36E-06,0.033810824,1.49E-05,0.006726496,1.79E-05,0.004238808,0.044369125,0.091484885,0.009378841
54,0.000968425,0.046698806,6.70E-05,0.008868178,0.001493635,0.018059787,0.059196877,2.36E-05,0.001434887,0.003742996,1.02E-07,0.001268728,0.246027955,0.001574471,0.000176451,0.011232468,0.114954091,0.185191753,1.96E-11,0.00016547,8.36E-06,0.033810824,1.49E-05,0.006726496,1.79E-05,0.004238808,0.044369125,0.091484885,0.009378841
55,0.000968425,0.046698806,6.70E-05,0.008868178,0.001493635,0.018059787,0.059196877,2.36E-05,0.001434887,0.003742996,1.02E-07,0.001268728,0.246027955,0.001574471,0.000176451,0.011232468,0.114954091,0.185191753,1.96E-11,0.00016547,8.36E-06,0.033810824,1.49E-05,0.006726496,1.79E-05,0.004238808,0.044369125,0.091484885,0.009378841
56,0.000426491,0.078477934,6.04E-06,0.003520942,0.000991139,0.002056958,0.020956342,3.05E-05,0.004711055,0.003072911,6.15E-08,0.002050169,0.541483893,0.00134839,2.09E-05,0.00432821,0.062484926,0.106508108,1.20E-11,5.17E-05,3.81E-06,0.032816253,3.31E-05,0.004357692,8.41E-06,0.000465889,0.031556896,0.023839368,0.006184183
57,0.002689834,0.14609767,0.0001059,0.021203101,0.003015303,0.003188124,0.040946026,0.000524276,0.000982221,0.004344962,4.70E-08,0.001546504,0.087389687,0.001383906,8.50E-05,0.011662626,0.183185973,0.138231697,9.27E-12,0.002309171,7.37E-06,0.027140364,0.000294558,0.005870003,0.000127468,0.011213348,0.036267698,0.069583956,0.065301724
58,0.002689834,0.14609767,0.0001059,0.021203101,0.003015303,0.003188124,0.040946026,0.000524276,0.000982221,0.004344962,4.70E-08,0.001546504,0.087389687,0.001383906,8.50E-05,0.011662626,0.183185973,0.138231697,9.27E-12,0.002309171,7.37E-06,0.027140364,0.000294558,0.005870003,0.000127468,0.011213348,0.036267698,0.069583956,0.065301724
59,0.001844942,0.046264707,1.65E-05,0.069456905,0.000954816,0.000269049,0.007357628,2.82E-05,0.000894868,0.00605187,2.42E-08,0.001384013,0.426197602,0.000342453,7.00E-06,0.027411013,0.087865287,0.060308108,2.37E-11,8.37E-05,2.76E-06,0.005150894,8.27E-05,0.003430351,7.53E-05,0.003746566,0.043243677,0.007847577,0.004502658
60,0.001303537,0.114436057,0.000253579,0.037511307,0.000928709,0.000578171,0.008076273,0.000340882,0.003809679,0.007218052,4.98E-07,0.010826101,0.174870862,0.000733578,6.43E-06,0.034253821,0.09457016,0.083532152,7.07E-12,0.000296779,3.42E-06,0.027957863,0.000349285,0.012218631,4.09E-05,0.004347709,0.066458536,0.017830756,0.018683224
61,0.000175054,0.03714427,7.15E-06,0.00692423,0.000238052,0.000176532,0.008871176,2.47E-06,0.000393508,0.001781571,1.26E-08,0.00115028,0.64821344,5.80E-05,3.77E-05,0.002156732,0.046958806,0.025923427,4.37E-10,0.000125443,7.05E-07,0.004800647,3.37E-05,0.003201204,4.46E-05,0.000871145,0.02356239,0.003663505,0.001036412
62,0.000819489,0.056770871,0.000239163,0.002555212,0.000642817,0.002625079,0.020468592,4.38E-05,0.004281839,0.002618707,4.91E-07,0.000993153,0.128787297,0.001483229,2.16E-05,0.006868286,0.089745206,0.441132928,5.43E-11,0.000222451,7.53E-06,0.10601596,2.32E-05,0.006548132,0.000105418,0.000547864,0.020464156,0.033070119,0.00533826
63,0.001005144,0.04127521,6.80E-06,0.007072415,0.000947577,0.001498292,0.027277991,1.67E-05,0.000534047,0.002661207,1.26E-07,0.000790989,0.572616589,0.000588288,6.84E-05,0.00324273,0.055542428,0.114606559,6.41E-12,3.01E-05,4.29E-06,0.039530843,2.41E-05,0.003527216,1.32E-05,0.000616884,0.012680315,0.043392614,0.005217461
64,0.001849989,0.060758726,7.33E-05,0.028759193,0.001740392,0.000424914,0.015201379,0.000365581,0.001777083,0.008020931,1.84E-08,0.001436241,0.57846126,0.000555532,4.44E-05,0.005687136,0.061969563,0.075085992,4.53E-12,2.15E-05,1.32E-06,0.032022867,3.04E-05,0.003829671,2.02E-05,0.011675082,0.009662914,0.056075062,0.002776404
65,0.001626606,0.032058624,3.20E-05,0.032405643,0.000881348,0.000188758,0.005954861,3.74E-05,0.000807367,0.006496397,2.20E-08,0.002901961,0.506801283,0.000615985,7.42E-06,0.044454025,0.136363642,0.05439833,4.64E-12,9.94E-05,3.26E-06,0.012499354,0.000266961,0.006435079,1.84E-05,0.003676733,0.060093016,0.010826443,0.00222154
66,0.001626606,0.032058624,3.20E-05,0.032405643,0.000881348,0.000188758,0.005954861,3.74E-05,0.000807367,0.006496397,2.20E-08,0.002901961,0.506801283,0.000615985,7.42E-06,0.044454025,0.136363642,0.05439833,4.64E-12,9.94E-05,3.26E-06,0.012499354,0.000266961,0.006435079,1.84E-05,0.003676733,0.060093016,0.010826443,0.00222154
67,0.001113711,0.087221185,5.10E-06,0.026454136,0.002652776,6.23E-05,0.003732522,1.81E-05,0.000388317,0.013876309,4.31E-07,0.008626091,0.122326275,0.000342701,4.00E-06,0.038658216,0.07266526,0.053985593,1.12E-10,6.55E-05,4.22E-06,0.036703594,0.003341665,0.000798431,3.53E-05,0.000922958,0.089219525,0.003937064,0.002372378
68,0.001153038,0.028699469,4.60E-05,0.123374071,0.000488457,3.70E-05,0.006042316,1.96E-05,0.000418817,0.003070631,1.27E-07,0.006330241,0.455766055,0.000207996,6.80E-06,0.046734922,0.071102039,0.041408813,3.60E-11,9.94E-05,3.10E-06,0.008456257,0.000136603,0.00286999,3.00E-05,0.002600587,0.042155957,0.005280288,0.001362541
69,0.001546147,0.028854335,1.97E-05,0.053920967,0.00104023,0.000107023,0.005998367,0.000105545,0.000877225,0.008272203,1.17E-08,0.001651092,0.597904786,0.000176933,1.80E-05,0.013501182,0.10081173,0.030828988,1.00E-11,1.10E-05,2.10E-06,0.026241467,5.60E-05,0.004379251,6.28E-06,0.004802238,0.045469202,0.011539462,0.000987426
70,0.001626606,0.032058624,3.20E-05,0.032405643,0.000881348,0.000188758,0.005954861,3.74E-05,0.000807367,0.006496397,2.20E-08,0.002901961,0.506801283,0.000615985,7.42E-06,0.044454025,0.136363642,0.05439833,4.64E-12,9.94E-05,3.26E-06,0.012499354,0.000266961,0.006435079,1.84E-05,0.003676733,0.060093016,0.010826443,0.00222154
71,0.000657602,0.080071405,3.99E-07,0.007259926,0.000810831,0.002936869,0.09048631,1.02E-05,0.001066308,0.001819802,2.72E-08,0.000267746,0.097298428,0.002801319,2.39E-06,0.017839029,0.14284774,0.248680113,8.07E-11,0.000839536,5.62E-06,0.009723576,2.84E-05,0.011364057,1.83E-05,0.000751963,0.026360062,0.092892411,0.001303013
72,0.000657602,0.080071405,3.99E-07,0.007259926,0.000810831,0.002936869,0.09048631,1.02E-05,0.001066308,0.001819802,2.72E-08,0.000267746,0.097298428,0.002801319,2.39E-06,0.017839029,0.14284774,0.248680113,8.07E-11,0.000839536,5.62E-06,0.009723576,2.84E-05,0.011364057,1.83E-05,0.000751963,0.026360062,0.092892411,0.001303013
73,0.000657602,0.080071405,3.99E-07,0.007259926,0.000810831,0.002936869,0.09048631,1.02E-05,0.001066308,0.001819802,2.72E-08,0.000267746,0.097298428,0.002801319,2.39E-06,0.017839029,0.14284774,0.248680113,8.07E-11,0.000839536,5.62E-06,0.009723576,2.84E-05,0.011364057,1.83E-05,0.000751963,0.026360062,0.092892411,0.001303013
74,0.000256883,0.085193676,9.26E-06,0.001572847,0.000698725,0.001331001,0.026854035,1.72E-05,0.001194462,0.017434306,2.13E-07,0.000215481,0.22196195,0.006694486,0.000338599,0.013403562,0.142376187,0.251009873,1.86E-11,0.000562217,4.60E-06,0.025806463,7.87E-05,0.005722805,1.90E-06,0.00143512,0.00889878,0.137816728,0.002696694
75,0.00075923,0.069279551,7.62E-06,0.040330491,0.00047976,0.001050239,0.013086291,2.12E-05,0.000429643,0.005911561,2.60E-08,0.001652892,0.529462848,0.001717451,1.07E-05,0.018904774,0.106290205,0.05222102,1.24E-11,0.000930744,2.77E-06,0.008233313,3.67E-05,0.002517842,3.96E-05,0.001941945,0.033941862,0.014631416,0.001394156
76,0.000569766,0.034665296,2.28E-05,0.073596407,0.000528651,0.000298054,0.003778463,0.0001104,0.000311234,0.002189603,6.42E-08,0.001035617,0.308596037,0.000145535,7.31E-06,0.015965052,0.046872761,0.030893651,2.29E-12,0.000156438,2.50E-06,0.012528705,0.000260208,0.00163384,2.87E-05,0.002753821,0.061994663,0.007441414,0.005616296
77,0.000157548,0.024510191,8.17E-06,0.046370429,0.000330073,0.000119901,0.006557032,6.07E-05,0.000309671,0.002972362,1.87E-08,0.000298322,0.178095473,0.000227812,1.62E-05,0.407484253,0.045503318,0.0301938,1.04E-11,2.87E-05,1.13E-06,0.00482218,0.074885459,0.001392089,1.40E-05,0.005538957,0.037313816,0.012549072,0.001759486
78,0.000157548,0.024510191,8.17E-06,0.046370429,0.000330073,0.000119901,0.006557032,6.07E-05,0.000309671,0.002972362,1.87E-08,0.000298322,0.178095473,0.000227812,1.62E-05,0.407484253,0.045503318,0.0301938,1.04E-11,2.87E-05,1.13E-06,0.00482218,0.074885459,0.001392089,1.40E-05,0.005538957,0.037313816,0.012549072,0.001759486
79,0.000299285,0.052755059,4.44E-05,0.0644747,0.00059073,0.00022753,0.012142308,2.93E-05,0.001295289,0.00493398,4.23E-08,0.000753826,0.454591332,0.000341785,2.13E-05,0.044018135,0.073241246,0.035357118,7.41E-11,8.40E-05,2.00E-06,0.012255548,0.000270044,0.002095502,3.86E-05,0.010422296,0.089266694,0.010283407,0.005272954
80,0.000437787,0.020562074,2.57E-06,0.003082033,0.000321105,0.000697742,0.005750151,3.07E-05,0.000280865,0.002062341,6.77E-08,0.001030564,0.649297017,0.000251607,6.87E-06,0.002476317,0.03364616,0.037067772,2.33E-12,4.55E-05,2.46E-06,0.004899446,1.14E-05,0.001347785,1.00E-05,0.000259365,0.033377024,0.00888162,0.000879395
81,0.000486864,0.067968978,3.05E-05,0.001837629,0.001812492,0.003134303,0.168301787,0.000223945,0.004255948,0.012194229,2.23E-08,0.001176335,0.061744528,0.002822177,3.21E-05,0.003811477,0.074257712,0.308914041,2.86E-12,5.39E-05,3.55E-06,0.021523902,3.53E-05,0.009688603,6.61E-06,0.000518602,0.021332435,0.126776393,0.017813072
82,0.000800842,0.125919942,5.41E-06,0.067928008,0.000621955,0.000634408,0.013310132,2.39E-05,0.001378076,0.005667392,3.34E-09,0.003212702,0.337468011,0.001659428,1.70E-05,0.017364038,0.121234901,0.054280609,5.21E-11,8.14E-05,3.81E-06,0.011933693,4.25E-05,0.003289008,5.42E-05,0.015392213,0.089996476,0.03083185,0.001765707
83,0.001956378,0.044287793,7.48E-06,0.074431996,0.000401942,0.000701632,0.010996836,8.48E-06,0.001863419,0.005382,2.15E-08,0.002400391,0.418484987,0.000352992,2.06E-06,0.016939099,0.14922849,0.062794578,2.62E-10,8.85E-05,3.74E-06,0.012085568,0.000112324,0.003724884,0.000134735,0.004927929,0.021268392,0.016662533,0.002931814
84,0.00096605,0.036318425,1.52E-06,0.003256715,6.93E-05,0.001120482,0.044274611,4.02E-06,0.000151802,0.005847183,3.06E-09,0.00038499,0.638864955,0.000127924,1.83E-06,0.005198931,0.048587129,0.096478171,3.94E-11,0.000210882,3.05E-06,0.007369768,3.82E-05,0.002415118,3.66E-05,0.001383289,0.022885888,0.0269087,0.00046002
85,0.001406526,0.043428399,8.37E-06,0.099356383,0.000266263,0.000106766,0.002865373,2.39E-05,0.001710253,0.007192119,9.88E-09,0.0007435,0.320928338,0.000153066,1.99E-06,0.035024811,0.129196094,0.049297892,1.25E-09,0.000344701,2.44E-06,0.003504512,0.000150807,0.001399018,3.37E-05,0.005459688,0.126632041,0.004443747,0.000527289
86,0.001406526,0.043428399,8.37E-06,0.099356383,0.000266263,0.000106766,0.002865373,2.39E-05,0.001710253,0.007192119,9.88E-09,0.0007435,0.320928338,0.000153066,1.99E-06,0.035024811,0.129196094,0.049297892,1.25E-09,0.000344701,2.44E-06,0.003504512,0.000150807,0.001399018,3.37E-05,0.005459688,0.126632041,0.004443747,0.000527289
87,0.00242722,0.088919127,9.44E-05,0.060393796,0.000380968,0.000243561,0.00446006,0.00042354,0.000295724,0.018813347,5.24E-08,0.004487631,0.172722785,3.74E-05,9.01E-07,0.040345052,0.089111195,0.073949964,1.43E-11,0.002439308,5.32E-06,0.015553454,0.001950884,0.008126145,3.74E-05,0.021873444,0.155783054,0.006480823,0.015230126
88,0.000243585,0.122028544,1.19E-05,0.00126091,0.004308523,0.001628521,0.038778789,6.90E-06,0.000902589,0.01976907,1.10E-06,0.000110497,0.158913816,0.011526083,6.54E-05,0.019067155,0.113988812,0.246034068,7.95E-11,1.71E-05,3.65E-06,0.007327178,4.37E-05,0.005606237,1.72E-05,0.000558529,0.026162101,0.148521654,0.005722734
89,0.001559453,0.093830843,4.63E-05,0.016824118,0.00175112,0.001081568,0.053130281,0.000110401,0.001287678,0.004382074,9.56E-08,0.003299186,0.288391602,0.000834881,0.000218536,0.01054714,0.148001579,0.104983974,4.97E-11,8.92E-05,4.47E-06,0.047525545,0.000117934,0.011620041,5.44E-05,0.007596108,0.031280846,0.085385082,0.010932074
90,0.000561938,0.030258211,3.99E-05,0.029046513,0.001248776,0.000100351,0.006108869,0.000162899,0.0016601,0.013874994,8.11E-09,0.000378469,0.639813692,0.000520658,5.61E-05,0.010368894,0.076324056,0.035263038,1.69E-11,6.46E-06,1.57E-06,0.021334149,9.43E-05,0.003078692,7.93E-06,0.006774712,0.035148711,0.029422463,0.004054833
91,0.000561938,0.030258211,3.99E-05,0.029046513,0.001248776,0.000100351,0.006108869,0.000162899,0.0016601,0.013874994,8.11E-09,0.000378469,0.639813692,0.000520658,5.61E-05,0.010368894,0.076324056,0.035263038,1.69E-11,6.46E-06,1.57E-06,0.021334149,9.43E-05,0.003078692,7.93E-06,0.006774712,0.035148711,0.029422463,0.004054833
92,0.000381787,0.046187715,0.000142809,0.051308784,0.000710787,0.000289677,0.008093425,0.000379738,0.00674173,0.005600329,4.01E-06,0.001475682,0.153392282,0.00047845,5.59E-05,0.108633599,0.09539855,0.067082618,2.41E-11,0.000220094,2.59E-06,0.015441709,0.000211413,0.005546757,2.41E-05,0.007438641,0.057771459,0.011062382,0.002562278
93,0.000293554,0.061688413,8.98E-05,0.001827117,0.001750636,0.001451655,0.012891464,0.00048286,0.001235342,0.006231468,5.53E-08,0.001066972,0.196736733,0.002321178,4.16E-05,0.005280612,0.064598885,0.119636759,6.39E-12,7.93E-05,4.46E-06,0.02255582,6.08E-05,0.003276824,1.12E-05,0.000525987,0.031296393,0.019123232,0.002771569
94,0.000293554,0.061688413,8.98E-05,0.001827117,0.001750636,0.001451655,0.012891464,0.00048286,0.001235342,0.006231468,5.53E-08,0.001066972,0.196736733,0.002321178,4.16E-05,0.005280612,0.064598885,0.119636759,6.39E-12,7.93E-05,4.46E-06,0.02255582,6.08E-05,0.003276824,1.12E-05,0.000525987,0.031296393,0.019123232,0.002771569
95,0.000518925,0.018970463,2.44E-06,0.002391417,0.000256829,0.000373667,0.004664899,1.69E-05,0.000290452,0.00360406,1.89E-08,0.000551409,0.516768335,0.000417455,1.07E-05,0.005393345,0.081474217,0.061172118,1.03E-11,0.000642615,1.35E-06,0.00477624,1.33E-05,0.001707193,5.84E-06,0.000239106,0.037204743,0.005996012,0.001270862
96,9.32E-05,0.010545138,1.93E-05,0.001785478,0.000190163,0.00016271,0.003363547,1.23E-05,0.000236744,0.004870595,1.11E-08,0.000318068,0.804890493,0.00010312,5.48E-06,0.001683538,0.02837916,0.017061168,1.62E-11,4.50E-05,1.65E-06,0.018043712,2.18E-05,0.00109165,1.39E-06,0.000383844,0.056715108,0.003193613,0.000499937
97,0.001413054,0.110242292,0.001027648,0.022263407,0.001077548,0.001902653,0.108824383,0.000702494,0.001818711,0.006227637,1.95E-06,0.001995525,0.035226325,0.000535667,5.40E-06,0.019709224,0.096677926,0.218944447,1.16E-11,7.71E-05,4.10E-06,0.012467647,0.00032005,0.017323673,8.51E-06,0.012532094,0.059061075,0.092842876,0.082624507
98,0.001459407,0.054501002,1.66E-05,0.044680674,0.00073781,0.002488965,0.043151133,3.85E-05,0.003557719,0.006168124,8.54E-09,0.002846549,0.10014352,0.003664836,5.98E-06,0.011322975,0.204732234,0.176346587,6.63E-11,0.000219216,7.10E-06,0.011092013,3.65E-05,0.004274949,2.94E-05,0.008336952,0.163203653,0.06708374,0.005933114
99,0.001143735,0.071635881,0.000100607,0.009684717,0.001822104,0.002489477,0.032184175,0.000270087,0.001694371,0.004921608,4.96E-08,0.001985812,0.25855427,0.003018591,2.90E-05,0.014268592,0.12624638,0.170867497,2.03E-12,0.000128123,2.52E-06,0.012374404,0.000228154,0.008490315,5.17E-05,0.007570157,0.085590219,0.07370904,0.007505365
100,0.001219759,0.072356312,6.97E-05,0.030036341,0.000905259,0.000530954,0.008454439,0.000131153,0.001713157,0.004034981,2.43E-08,0.001386915,0.497948042,0.000210633,7.04E-05,0.005314521,0.098340205,0.077342633,2.55E-12,3.94E-05,5.30E-06,0.012142826,0.000141939,0.004778691,3.39E-05,0.006199534,0.082943915,0.02933467,0.002925873
101,0.000798354,0.084669788,1.98E-05,0.047107724,0.001505803,0.001003357,0.01320376,4.45E-05,0.002784623,0.012388816,1.43E-08,0.001618477,0.356233331,0.000337792,0.000551373,0.006253426,0.107267616,0.121706893,6.11E-12,0.000102806,3.90E-06,0.036699771,1.05E-05,0.004906695,2.55E-05,0.012039131,0.07165077,0.038438594,0.003584663
102,0.000798354,0.084669788,1.98E-05,0.047107724,0.001505803,0.001003357,0.01320376,4.45E-05,0.002784623,0.012388816,1.43E-08,0.001618477,0.356233331,0.000337792,0.000551373,0.006253426,0.107267616,0.121706893,6.11E-12,0.000102806,3.90E-06,0.036699771,1.05E-05,0.004906695,2.55E-05,0.012039131,0.07165077,0.038438594,0.003584663
103,0.000667117,0.077524233,4.84E-05,0.024943108,0.00132501,0.000154257,0.011883081,5.66E-05,0.001205655,0.003802047,5.00E-08,0.001117768,0.452759412,0.000348792,2.14E-05,0.007512905,0.095513725,0.059123918,1.02E-10,0.000221638,2.60E-06,0.023762785,0.000123575,0.004169609,2.12E-05,0.017952171,0.141303328,0.023509156,0.00366037
104,0.000235962,0.091212769,7.34E-06,0.002664896,0.000603341,0.0015021,0.021761124,2.02E-05,0.00037314,0.003429165,4.03E-08,0.000646442,0.348047997,0.000663294,4.50E-05,0.004122891,0.07971486,0.208256973,5.01E-11,5.74E-05,3.46E-06,0.018767475,9.58E-05,0.003993338,1.48E-05,0.000828671,0.11660004,0.025913879,0.00154678
105,0.000532618,0.124102031,3.13E-05,0.002294915,0.001923311,0.000871218,0.02963563,6.18E-05,0.000628581,0.003105107,1.34E-08,0.001423368,0.314180494,0.001609119,0.000226982,0.007705413,0.088454183,0.171412876,2.74E-12,0.00020762,2.99E-06,0.02986618,3.31E-05,0.006288919,1.27E-05,0.000656562,0.097590707,0.038834128,0.003458212
106,0.000150072,0.022412737,0.000115376,0.0023391,0.000835459,0.000151627,0.005417786,0.000100688,0.002828155,0.00687544,1.85E-08,0.003201066,0.260332299,0.000252182,2.39E-05,0.005645418,0.094164882,0.062184585,1.67E-11,0.000105362,4.09E-06,0.013601102,8.80E-05,0.002393348,1.02E-05,0.000140034,0.049902621,0.006054208,0.001086973
107,0.000160106,0.027205136,9.78E-05,0.002068606,0.001515981,0.000193163,0.005119854,0.000162124,0.001880328,0.003981745,1.42E-07,0.002595572,0.279481776,0.000206291,9.95E-06,0.00468907,0.064949366,0.079203665,4.24E-12,0.000312634,4.13E-06,0.016410259,6.23E-05,0.003602865,3.55E-06,0.000254048,0.083932889,0.009700985,0.001589356
108,0.000239536,0.183129958,9.05E-06,0.001233051,0.001572814,0.000933475,0.078870884,0.000440147,0.001468059,0.001541717,2.09E-07,0.000518743,0.050148955,0.020847398,0.000629144,0.004458483,0.130032287,0.224344439,1.51E-11,2.68E-05,4.47E-06,0.022366456,2.51E-05,0.00351319,7.93E-06,0.000716097,0.005322782,0.144214588,0.00988234
109,0.000239536,0.183129958,9.05E-06,0.001233051,0.001572814,0.000933475,0.078870884,0.000440147,0.001468059,0.001541717,2.09E-07,0.000518743,0.050148955,0.020847398,0.000629144,0.004458483,0.130032287,0.224344439,1.51E-11,2.68E-05,4.47E-06,0.022366456,2.51E-05,0.00351319,7.93E-06,0.000716097,0.005322782,0.144214588,0.00988234
110,0.000239536,0.183129958,9.05E-06,0.001233051,0.001572814,0.000933475,0.078870884,0.000440147,0.001468059,0.001541717,2.09E-07,0.000518743,0.050148955,0.020847398,0.000629144,0.004458483,0.130032287,0.224344439,1.51E-11,2.68E-05,4.47E-06,0.022366456,2.51E-05,0.00351319,7.93E-06,0.000716097,0.005322782,0.144214588,0.00988234
111,0.000405047,0.061624252,2.03E-05,0.024792733,0.001537495,0.000311487,0.019177392,7.13E-05,0.0125223,0.003116775,1.48E-08,4.39E-05,0.468131667,0.005538637,0.000163631,0.019783486,0.080921241,0.087239576,1.69E-11,9.98E-06,2.54E-06,0.044831831,5.22E-05,0.001964231,8.25E-06,0.019543286,0.009432135,0.101512962,0.00447328
112,0.000243265,0.084082417,1.56E-05,0.02197241,0.001759791,0.000348378,0.02148153,6.38E-05,0.005169703,0.019262848,2.45E-07,0.000203912,0.454499173,0.008097419,0.000428487,0.015401356,0.090553218,0.067028863,1.99E-11,0.000263156,2.21E-06,0.037522181,0.00010504,0.00831102,4.13E-06,0.035024585,0.015212652,0.061584481,0.002993514
113,0.000757167,0.104266907,1.25E-05,0.021136676,0.001536031,0.001132868,0.055179608,0.000316027,0.014542412,0.004601576,1.46E-07,0.000952563,0.102862718,0.003714441,0.001813497,0.009982678,0.263158005,0.137801074,1.17E-11,3.15E-05,9.21E-06,0.030301563,2.71E-05,0.008698844,0.000338169,0.010008904,0.019894515,0.08677984,0.012203482
114,0.000695615,0.191379287,4.76E-06,0.029867655,0.000905999,0.000623918,0.024068691,1.43E-05,0.014047169,0.005933845,7.90E-08,0.003024763,0.233338939,0.001978031,5.55E-05,0.013980886,0.170737972,0.086924741,2.64E-11,0.000323035,3.29E-06,0.021147536,8.07E-05,0.003627695,5.65E-05,0.037472922,0.05542492,0.029146444,0.002490327
115,0.000619694,0.092937191,1.31E-05,0.008497643,0.001198914,0.000435094,0.015957079,0.000122128,0.008651647,0.003968762,4.45E-08,0.00179109,0.457220585,0.002584893,5.06E-05,0.016532123,0.124718315,0.08409156,6.74E-12,5.92E-05,2.15E-06,0.012571337,0.000122942,0.005429885,5.04E-05,0.005295813,0.052495709,0.033954943,0.003155895
116,0.000235578,0.021648967,2.53E-06,0.001624306,0.000508699,0.000656069,0.009770601,8.63E-05,0.000504239,0.005672641,8.59E-09,0.000202457,0.055855783,0.000461925,9.06E-06,0.007879049,0.081540635,0.688740933,4.51E-12,5.68E-06,2.34E-06,0.004198317,1.09E-05,0.006128098,2.87E-05,0.000297336,0.032487589,0.026542524,0.011590271
117,0.000847917,0.07428211,4.53E-05,0.018853669,0.002503676,0.000250063,0.076957345,0.001355498,0.001770351,0.008011158,3.70E-07,0.002075929,0.086058384,0.001314455,9.75E-05,0.01346528,0.207839092,0.104521017,9.45E-12,0.000131904,4.70E-06,0.017764412,3.04E-05,0.00384919,3.95E-05,0.036312635,0.053363763,0.110407945,0.020505603
118,0.000583841,0.244133962,4.14E-05,0.026914593,0.003054723,5.66E-05,0.01313937,0.001674384,0.002840436,0.007052222,2.43E-07,0.001348808,0.353400073,0.001047878,2.02E-05,0.009459596,0.114568184,0.042658611,7.55E-11,2.61E-05,1.80E-06,0.042249935,3.61E-05,0.002503073,0.00014274,0.0087558,0.044574457,0.020644657,0.005840572
119,0.000173545,0.057047566,1.10E-05,0.006479258,0.002382714,1.00E-05,0.002849421,7.03E-05,0.020900092,0.037929141,9.40E-07,0.000261719,0.666869907,0.000104196,1.61E-05,0.006942598,0.071638645,0.026018604,6.53E-11,6.17E-06,4.03E-07,0.009946466,0.000157298,0.002848444,1.89E-05,0.018155914,0.016370647,0.015063433,0.010218235
120,0.001069237,0.064534092,4.31E-05,0.042371311,0.001552479,0.000148812,0.017586334,0.00011505,0.00176892,0.004558608,3.62E-08,0.006554725,0.384919903,0.001693336,4.68E-05,0.014053912,0.140193767,0.0537076,1.66E-11,0.000525791,3.12E-06,0.032933272,0.000104963,0.003811128,5.12E-05,0.005650283,0.066347411,0.028977214,0.003932939
121,0.000657802,0.038577881,0.000310452,0.004459942,0.001242314,0.002529131,0.014274715,3.17E-05,0.000368856,0.004102578,1.37E-06,0.000965076,0.50870075,0.000254931,4.96E-06,0.006303122,0.04655764,0.137798413,7.54E-11,5.64E-05,6.25E-06,0.006420455,1.10E-05,0.002756098,1.89E-05,0.000462799,0.043698321,0.017168431,0.018799426
122,0.000263658,0.068061416,2.32E-05,0.001646856,0.000869999,0.000749546,0.136868341,0.000119279,0.00059659,0.004056354,2.75E-07,0.000489945,0.219558383,0.003376497,4.13E-05,0.007398279,0.094988458,0.154687587,1.49E-11,2.42E-05,3.72E-06,0.052175824,2.74E-05,0.008081856,2.69E-05,0.002379741,0.026594923,0.082606893,0.004225314
123,0.000263658,0.068061416,2.32E-05,0.001646856,0.000869999,0.000749546,0.136868341,0.000119279,0.00059659,0.004056354,2.75E-07,0.000489945,0.219558383,0.003376497,4.13E-05,0.007398279,0.094988458,0.154687587,1.49E-11,2.42E-05,3.72E-06,0.052175824,2.74E-05,0.008081856,2.69E-05,0.002379741,0.026594923,0.082606893,0.004225314
124,0.000263658,0.068061416,2.32E-05,0.001646856,0.000869999,0.000749546,0.136868341,0.000119279,0.00059659,0.004056354,2.75E-07,0.000489945,0.219558383,0.003376497,4.13E-05,0.007398279,0.094988458,0.154687587,1.49E-11,2.42E-05,3.72E-06,0.052175824,2.74E-05,0.008081856,2.69E-05,0.002379741,0.026594923,0.082606893,0.004225314
125,0.000677482,0.038130567,1.11E-05,0.063574109,0.000450186,0.000877397,0.039266961,2.16E-05,0.007621212,0.014089061,7.44E-08,0.000709956,0.372185672,0.004256889,9.14E-06,0.006010906,0.098118847,0.146076839,3.76E-11,4.22E-05,5.10E-06,0.015732691,5.91E-05,0.004172407,2.96E-05,0.013769353,0.046279189,0.064712344,0.00697256
126,0.00096626,0.048642555,3.23E-05,0.13556418,0.001505808,3.89E-05,0.004383238,1.03E-05,0.001753905,0.014033239,4.84E-08,0.001160493,0.348217066,0.00011421,8.39E-06,0.031470696,0.141603593,0.042580408,7.50E-12,6.13E-05,3.14E-06,0.00588551,8.01E-05,0.003568751,9.77E-05,0.004550546,0.042721226,0.007373255,0.000551316
127,0.001334826,0.063435058,5.62E-05,0.058829315,0.001294288,8.74E-05,0.020195774,3.46E-05,0.002927917,0.006130654,1.31E-08,0.003180511,0.246107724,0.00030894,2.94E-05,0.061603661,0.199024457,0.056024235,6.22E-12,6.10E-05,3.44E-06,0.022549433,0.000102136,0.007813086,2.07E-05,0.003563258,0.125434558,0.018218018,0.004800714
128,0.000164113,0.017468399,0.000122505,0.030519778,0.000816343,0.000144027,0.00229684,4.42E-05,0.00094495,0.004273595,3.45E-09,0.003016781,0.535909907,1.49E-05,6.01E-06,0.091001877,0.077584836,0.045851325,5.66E-11,4.23E-05,7.71E-07,0.002028973,0.000339994,0.001451257,1.03E-06,0.012390027,0.058605963,0.00638037,0.001465221
129,7.28E-05,0.011048991,1.68E-05,0.008409781,0.001315899,2.15E-05,0.001166164,1.30E-05,0.013557119,0.040514808,8.12E-08,9.84E-05,0.689349003,3.85E-05,5.87E-06,0.016968434,0.132298529,0.019829471,2.54E-11,6.22E-06,2.26E-07,0.001486297,0.000128243,0.00400401,2.18E-06,0.003088911,0.02453251,0.004559096,0.000682123
130,0.001473112,0.019415792,2.03E-05,0.11772174,0.0003252,1.92E-05,0.002763533,1.41E-06,0.000935833,0.008745784,4.20E-09,0.001084448,0.342958388,0.000116921,2.27E-05,0.016030794,0.096848769,0.060349332,7.90E-10,0.000122121,2.97E-06,0.00182239,9.35E-05,0.014718879,2.72E-05,0.003521045,0.134484354,0.003145455,0.000556711
131,0.000488666,0.247179252,4.26E-06,0.006904039,0.001128949,0.001822502,0.032632369,0.000101933,0.010650541,0.003267652,1.21E-07,0.000163232,0.140611146,0.015435038,9.38E-05,0.038814079,0.141720218,0.154917011,7.00E-12,3.57E-05,3.56E-06,0.008478974,6.64E-05,0.005104144,4.05E-05,0.009680712,0.028550947,0.081367614,0.004136634
132,0.000488666,0.247179252,4.26E-06,0.006904039,0.001128949,0.001822502,0.032632369,0.000101933,0.010650541,0.003267652,1.21E-07,0.000163232,0.140611146,0.015435038,9.38E-05,0.038814079,0.141720218,0.154917011,7.00E-12,3.57E-05,3.56E-06,0.008478974,6.64E-05,0.005104144,4.05E-05,0.009680712,0.028550947,0.081367614,0.004136634
133,0.000488666,0.247179252,4.26E-06,0.006904039,0.001128949,0.001822502,0.032632369,0.000101933,0.010650541,0.003267652,1.21E-07,0.000163232,0.140611146,0.015435038,9.38E-05,0.038814079,0.141720218,0.154917011,7.00E-12,3.57E-05,3.56E-06,0.008478974,6.64E-05,0.005104144,4.05E-05,0.009680712,0.028550947,0.081367614,0.004136634
134,0.000500983,0.108117502,1.13E-05,0.011031726,0.001730291,0.000337929,0.140359901,0.000117607,0.003931025,0.003298159,3.01E-07,0.002228713,0.052344199,0.004768891,0.000694579,0.020333236,0.16326352,0.156726765,1.62E-11,2.00E-05,6.18E-06,0.016257676,5.10E-05,0.004334776,4.41E-05,0.029233117,0.046748177,0.146848343,0.010326342
135,0.000627903,0.154308069,2.50E-05,0.024120646,0.001135154,0.000188184,0.022717568,7.94E-05,0.004710889,0.002800563,1.40E-07,0.002076285,0.379413346,0.002155701,4.63E-05,0.015540047,0.170913006,0.042274866,1.01E-11,3.76E-05,2.10E-06,0.008590389,0.000120267,0.005863605,4.56E-05,0.005773061,0.043479262,0.032238483,0.006989542
136,0.000767325,0.068736744,3.86E-05,0.015570313,0.001135441,0.000149151,0.008501259,0.000139114,0.001200676,0.006244832,4.43E-08,0.001264239,0.488034217,0.00120497,2.38E-05,0.044251218,0.127035725,0.063942946,3.89E-12,5.17E-05,1.75E-06,0.0085973,0.000184357,0.004014386,3.74E-05,0.004310114,0.054986539,0.020380552,0.004556696
137,0.000811104,0.053030982,1.57E-05,0.006004363,0.000451217,0.00169525,0.053371795,3.91E-06,0.000524753,0.002657552,1.01E-07,0.003139096,0.086704242,0.000574766,8.13E-06,0.018907191,0.194071713,0.258287002,9.15E-11,4.14E-05,1.13E-05,0.008523166,2.32E-05,0.002554759,1.95E-05,0.000784053,0.037495613,0.121870345,0.004080455
138,0.000919071,0.069558355,2.24E-05,0.029325885,0.002496161,0.000133412,0.015156276,0.000191446,0.001658088,0.005124742,2.72E-08,0.001921499,0.37284238,0.002160318,0.000118868,0.016505076,0.137569492,0.064877824,2.46E-12,1.31E-05,2.91E-06,0.020006864,9.83E-05,0.003752394,0.000108417,0.008875876,0.066336172,0.054472908,0.003959924
139,0.000645688,0.052417967,3.48E-05,0.004972122,0.000746931,0.00085385,0.021426739,3.47E-06,0.000495414,0.003044422,1.67E-07,0.002094054,0.310033866,0.000327864,8.09E-06,0.013207621,0.183221253,0.152295859,8.63E-11,4.14E-05,4.31E-06,0.009384939,2.75E-05,0.003235625,1.71E-05,0.000608808,0.057242978,0.051725968,0.00081021
140,0.000531307,0.036611256,7.32E-05,0.035819928,0.001706375,0.000201367,0.011585739,0.000222677,0.001333718,0.008439296,1.34E-08,0.00058774,0.540408595,0.001708238,0.00010476,0.00773833,0.076947523,0.075965793,5.06E-12,3.46E-05,2.53E-06,0.019771797,1.31E-05,0.005621924,3.07E-05,0.014573582,0.031408444,0.073683307,0.002083237
141,0.00082936,0.045359804,0.000408354,0.137875342,0.000810139,8.04E-05,0.004082862,9.08E-05,0.002390165,0.014956434,1.20E-06,0.001391111,0.189198948,0.000328637,5.25E-06,0.039424777,0.157825443,0.082352798,4.66E-11,0.000232503,3.94E-06,0.006276818,0.000345648,0.002136417,5.98E-05,0.00376074,0.136782688,0.005738724,0.003385293
142,0.0003834,0.041267694,5.08E-06,0.0551598,0.000837627,8.88E-05,0.003039017,7.22E-05,0.001867685,0.021376691,3.85E-08,0.000988965,0.455388131,4.65E-05,6.05E-06,0.037182606,0.138693219,0.03264432,1.72E-11,9.15E-05,5.48E-07,0.005398917,1.17E-05,0.005383891,6.21E-06,0.005240361,0.096932644,0.009620742,0.000512537
143,0.000995253,0.043569822,0.000336677,0.001809233,0.000750455,0.000179907,0.006845437,1.99E-05,0.000901988,0.02807085,8.79E-07,0.001637153,0.160762371,0.000602403,1.19E-05,0.005752456,0.115651759,0.120855292,1.70E-10,0.000555931,1.37E-05,0.107976165,0.000106127,0.002098853,9.11E-06,0.000711388,0.097012898,0.007129511,0.002593533
144,0.000287324,0.069748724,1.14E-05,0.006568309,0.001078668,0.00029595,0.10933266,0.000427688,0.003458604,0.001078912,1.10E-07,0.001026372,0.024216952,0.003009306,0.000454153,0.007762794,0.482034156,0.088437117,3.58E-12,1.09E-05,4.49E-06,0.013884652,3.31E-05,0.001697755,5.90E-05,0.015673436,0.048853895,0.080970912,0.006621591
145,0.000486582,0.094931345,3.57E-05,0.002289919,0.001572021,0.000852061,0.043535231,7.58E-05,0.007158182,0.003452606,1.16E-07,0.000835842,0.114330941,0.003509592,0.000101797,0.006618697,0.167990873,0.275585634,1.61E-11,3.25E-05,4.14E-06,0.021001427,2.22E-05,0.008441447,2.70E-05,0.000775928,0.041151622,0.087254882,0.008522383
146,0.00032048,0.045248101,0.000248777,0.005005855,0.001197284,0.001111955,0.094039225,3.21E-05,0.001141402,0.004787361,1.13E-07,0.000725159,0.204980178,0.001472263,0.001081543,0.005191142,0.105304852,0.194615238,2.16E-11,4.38E-05,4.50E-06,0.030055276,3.04E-05,0.007920288,3.41E-05,0.001255963,0.028505525,0.087464531,0.014216512
147,0.001496446,0.235272879,0.000114413,0.034645989,0.000710881,0.000160776,0.031776534,0.000557819,0.000718029,0.005032481,1.20E-06,0.007036978,0.056608805,0.000245437,2.44E-05,0.027382426,0.101292417,0.133642359,1.94E-11,7.47E-06,3.44E-06,0.016751344,0.000193107,0.009076483,0.000143531,0.007885756,0.042054735,0.042582303,0.042939283
148,0.000789978,0.070766009,3.37E-05,0.014970616,0.001128713,0.000150939,0.008752236,0.000143221,0.001236122,0.006968898,2.07E-07,0.001301562,0.502442096,0.001240544,2.45E-05,0.030741045,0.142196351,0.065830687,6.36E-12,4.99E-05,1.80E-06,0.008851112,0.000189799,0.002848283,3.85E-05,0.003825556,0.037194824,0.020982232,0.00442644
149,0.000789978,0.070766009,3.37E-05,0.014970616,0.001128713,0.000150939,0.008752236,0.000143221,0.001236122,0.006968898,2.07E-07,0.001301562,0.502442096,0.001240544,2.45E-05,0.030741045,0.142196351,0.065830687,6.36E-12,4.99E-05,1.80E-06,0.008851112,0.000189799,0.002848283,3.85E-05,0.003825556,0.037194824,0.020982232,0.00442644
150,0.000609652,0.165549314,0.000280253,0.068108088,0.000739743,0.000443745,0.006693807,0.000280458,0.003364871,0.006871826,4.16E-06,0.006643926,0.184870112,0.00136058,3.38E-05,0.058581726,0.122375624,0.08690573,1.04E-11,0.000211088,3.29E-06,0.023479069,0.000447943,0.011610314,3.17E-05,0.003060458,0.035982833,0.020622076,0.005970163
